{
  "features": [
    "dam_price",
    "dam_daily_avg",
    "dam_onpeak_avg",
    "dam_offpeak_avg",
    "dam_peak_ratio",
    "dam_max_price",
    "prior_rt_post1pm_avg",
    "prior_rt_volatility",
    "prior_rt_trend",
    "rt_avg_so_far",
    "implied_remaining_avg",
    "intervals_elapsed",
    "intervals_remaining",
    "pct_day_elapsed",
    "day_of_week",
    "month",
    "is_weekend",
    "rt_vs_dam"
  ],
  "scaler_mean": [
    61.582810351799424,
    61.58376277760281,
    66.13741199067577,
    52.47646433764182,
    1.2924138835232275,
    93.03813315572894,
    66.4258591899717,
    21.773224843157873,
    -1.8088040769724796,
    55.956049438448176,
    68.87523504910921,
    144.4803073190457,
    143.5196926809543,
    0.5016677337466864,
    3.0065174472538714,
    6.527860897695107,
    0.2875526271972598,
    -5.627713339154634
  ],
  "scaler_scale": [
    46.61652330243202,
    42.707175686919456,
    45.9522322799172,
    37.777787703849135,
    0.23695633392907306,
    64.0945198543587,
    55.35793932662007,
    34.09602190884094,
    32.83123482140691,
    45.33774421317731,
    423.1697155377264,
    83.13110310627528,
    83.13110310627528,
    0.2886496635634558,
    2.001701271016485,
    3.4475260752248342,
    0.45262138017245007,
    21.593264037868835
  ],
  "coef": [
    0.09329875323480699,
    1.8622845804230834,
    3.7562928049224253,
    -2.8223288293625792,
    -0.10395667392596704,
    -0.6993926895952587,
    0.6617911090894938,
    -0.3572085607876488,
    0.30357998802187286,
    1.8561962283142068,
    -38.17410065958399,
    0.028457961385800857,
    -0.028457961385800857,
    0.02845796138578742,
    0.28269071845923627,
    0.12885309617120239,
    0.006532195896547543,
    0.2140869043936245
  ],
  "intercept": -0.663666747834678
}