{
  "version": "v3",
  "features": [
    "dam_daily_avg",
    "dam_peak_ratio",
    "dam_max_over_avg",
    "prior_rt_pct",
    "prior_rt_volatility",
    "prior_rt_trend",
    "rt_vs_dam_pct",
    "implied_vs_dam_pct",
    "pct_day_elapsed",
    "day_of_week",
    "month",
    "is_weekend",
    "rt_vol_pct",
    "rt_momentum",
    "rt_recent_pct",
    "rt_vs_sched_pct",
    "elapsed_x_rt",
    "dam_onpeak_frac"
  ],
  "scaler_mean": [
    55.05208810507171,
    1.3044644698475667,
    1.5301668055681454,
    1.0736410898357513,
    20.534808086688443,
    -1.5168681930085262,
    -0.10430688779058765,
    0.19096263358447985,
    0.5016921545444016,
    2.9997782093893472,
    6.523422672703596,
    0.2864172261598857,
    0.2758658125674893,
    0.09405238972421091,
    -0.026426089187786616,
    -0.014208265729118529,
    -0.01102263647532774,
    1.0772612458288986
  ],
  "scaler_scale": [
    39.1686378501788,
    0.26652556111024406,
    0.26100788891526056,
    0.3476015245592691,
    37.648062723126735,
    29.405616425176955,
    0.24140277634094898,
    4.863924468163933,
    0.2886603355237308,
    2.002279962996844,
    3.448813406920035,
    0.4520867159282195,
    0.2935036742466369,
    0.5465163096911453,
    0.5440785326154868,
    0.21312486542264897,
    0.12735220111194656,
    0.05052699016920415
  ],
  "coef": [
    0.11405440631431593,
    0.14399680563315598,
    -0.2515603198611192,
    0.4286917059535804,
    -0.2515557894646731,
    0.15839340294806012,
    -0.5245321372357054,
    -9.869744861437797,
    0.2223756717595245,
    0.13717582623006327,
    0.03725754774882707,
    0.02013178175321282,
    -0.08646997730099394,
    -0.06550757983337087,
    0.7543913963382209,
    0.5703498527061276,
    3.1896426314813495,
    -0.13685337516626286
  ],
  "intercept": -0.9147119277429531
}