{
  "features": [
    "dam_price",
    "dam_daily_avg",
    "dam_onpeak_avg",
    "dam_offpeak_avg",
    "dam_peak_ratio",
    "dam_max_price",
    "prior_rt_post1pm_avg",
    "prior_rt_volatility",
    "prior_rt_trend",
    "rt_avg_so_far",
    "implied_remaining_avg",
    "intervals_elapsed",
    "intervals_remaining",
    "pct_day_elapsed",
    "day_of_week",
    "month",
    "is_weekend",
    "rt_vs_dam"
  ],
  "scaler_mean": [
    54.58818233836449,
    54.590814991101595,
    54.643639894345576,
    54.485165174250966,
    0.9533262356949764,
    89.97254403018698,
    53.36998879133814,
    18.361692785818878,
    14.916329998704663,
    50.12004282354321,
    77.65375176153131,
    143.90932642487047,
    144.09067357512953,
    0.49968516119746686,
    2.9968461365172336,
    6.5994593376886685,
    0.2852556882180671,
    -4.470772167558383
  ],
  "scaler_scale": [
    49.28755161944606,
    43.735225666868665,
    46.391100530339315,
    39.89412031676899,
    0.3123470390886072,
    79.57361132305932,
    45.41061067552427,
    23.467171158335113,
    29.184195158710015,
    42.80354163164104,
    301.28079490830083,
    82.82263275689148,
    82.82263275689148,
    0.2875785859614287,
    1.999997513284737,
    3.487364593070745,
    0.451536134276432,
    15.590797050240175
  ],
  "coef": [
    0.0239864351926935,
    2.056369712940295,
    4.155427813644703,
    -2.9012326331620817,
    -0.35120508681208684,
    0.03878746997329567,
    0.4429331696933409,
    -0.1409220993991206,
    -0.031713263444393874,
    2.226421115122874,
    -38.00018617593888,
    0.19905221661072725,
    -0.19905221661072725,
    0.19905221661072908,
    -0.015268757650384395,
    -0.03811670548468774,
    0.2517885099523701,
    0.34397955559855925
  ],
  "intercept": -3.19268984423116
}