{
  "version": "v3",
  "features": [
    "dam_daily_avg",
    "dam_peak_ratio",
    "dam_max_over_avg",
    "prior_rt_pct",
    "prior_rt_volatility",
    "prior_rt_trend",
    "rt_vs_dam_pct",
    "implied_vs_dam_pct",
    "pct_day_elapsed",
    "day_of_week",
    "month",
    "is_weekend",
    "rt_vol_pct",
    "rt_momentum",
    "rt_recent_pct",
    "rt_vs_sched_pct",
    "elapsed_x_rt",
    "dam_onpeak_frac"
  ],
  "scaler_mean": [
    54.590814991101595,
    0.9533262356949764,
    1.830949398342455,
    0.9709685379785423,
    18.361692785818878,
    14.916329998704663,
    -0.10485692864835054,
    0.6778809575778748,
    0.49968516119746686,
    2.9968461365172336,
    6.5994593376886685,
    0.2852556882180671,
    0.3087882286290996,
    -0.16852390449399568,
    -0.10704159466103019,
    -0.08097145494678754,
    -0.04511982793482642,
    0.9457823203233509
  ],
  "scaler_scale": [
    43.735225666868665,
    0.3123470390886072,
    1.6024936504596206,
    0.6241155015097748,
    23.467171158335113,
    29.184195158710015,
    0.8309123450739023,
    12.677239141120513,
    0.2875785859614287,
    1.999997513284737,
    3.487364593070745,
    0.451536134276432,
    1.0492734720285932,
    1.8973738107826397,
    1.6433209228469743,
    0.7287515232380556,
    0.421458135866224,
    0.46302810665502303
  ],
  "coef": [
    0.05558736985718214,
    -1.3940262300214425,
    0.2754921271353656,
    0.4131813656336539,
    -0.17024187693594253,
    -0.012730727495533913,
    -0.29094695672813947,
    -14.616831794673297,
    0.03250198363522284,
    -0.025915910052135466,
    -0.0012672845712774009,
    0.23621840722972212,
    0.5369037247822751,
    2.8221947688100433,
    -0.3589504689217855,
    0.18527606645874842,
    9.195360989230236,
    3.1214017957570945
  ],
  "intercept": -2.528892685678151
}