{
  "version": "v3",
  "features": [
    "dam_daily_avg",
    "dam_peak_ratio",
    "dam_max_over_avg",
    "prior_rt_pct",
    "prior_rt_volatility",
    "prior_rt_trend",
    "rt_vs_dam_pct",
    "implied_vs_dam_pct",
    "pct_day_elapsed",
    "day_of_week",
    "month",
    "is_weekend",
    "rt_vol_pct",
    "rt_momentum",
    "rt_recent_pct",
    "rt_vs_sched_pct",
    "elapsed_x_rt",
    "dam_onpeak_frac"
  ],
  "scaler_mean": [
    41.77563107708992,
    1.3605411317925984,
    1.4560860151156505,
    1.1387455691786053,
    23.49423121149933,
    -5.995562030714824,
    -0.09838241535665314,
    0.006449516072312159,
    0.49985642510571676,
    3.0005072493726965,
    6.525411762461002,
    0.2858453573166349,
    0.35183613645903417,
    0.10657093090877683,
    0.01400003412428714,
    0.009293686725865015,
    0.0027437764193196223,
    1.093185397037043
  ],
  "scaler_scale": [
    29.52118002166196,
    0.18277001077271507,
    0.16917040765119257,
    0.3921633909956252,
    44.1195139563942,
    34.67045684235747,
    0.3157734026727017,
    5.372828796537244,
    0.2876739523395814,
    2.000240427391274,
    3.447942916885709,
    0.45181610088304763,
    0.5759573507929678,
    0.8601829581179304,
    0.7399748560924911,
    0.2942415255220687,
    0.13778506231161608,
    0.03829081967723914
  ],
  "coef": [
    -0.08264124021891674,
    0.10050597109044332,
    -0.08735455772844468,
    0.22577626889095956,
    -0.13838500961054492,
    0.09827647904502873,
    -1.0389173288402567,
    -11.150929542626912,
    0.20395128787550995,
    -0.08756660236642103,
    -0.01495376434231315,
    0.20873473478090365,
    -0.21890269858369965,
    0.4733360800015659,
    0.5489797749454951,
    1.3787499213118422,
    3.5472498278699613,
    -0.0038941675102593483
  ],
  "intercept": 0.04341845782986693
}