{
  "version": "v3",
  "features": [
    "dam_daily_avg",
    "dam_peak_ratio",
    "dam_max_over_avg",
    "prior_rt_pct",
    "prior_rt_volatility",
    "prior_rt_trend",
    "rt_vs_dam_pct",
    "implied_vs_dam_pct",
    "pct_day_elapsed",
    "day_of_week",
    "month",
    "is_weekend",
    "rt_vol_pct",
    "rt_momentum",
    "rt_recent_pct",
    "rt_vs_sched_pct",
    "elapsed_x_rt",
    "dam_onpeak_frac"
  ],
  "scaler_mean": [
    41.77563107708992,
    1.3605411317925984,
    1.4560860151156505,
    1.1387455691786053,
    23.49423121149933,
    -5.995562030714824,
    -0.09838241535665314,
    0.006449516072312159,
    0.49985642510571676,
    3.0005072493726965,
    6.525411762461002,
    0.2858453573166349,
    0.35183613645903417,
    0.10657093090877683,
    0.01400003412428714,
    0.009293686725865015,
    0.0027437764193196223,
    1.093185397037043
  ],
  "scaler_scale": [
    29.52118002166196,
    0.18277001077271507,
    0.16917040765119257,
    0.3921633909956252,
    44.1195139563942,
    34.67045684235747,
    0.3157734026727017,
    5.372828796537244,
    0.2876739523395814,
    2.000240427391274,
    3.447942916885709,
    0.45181610088304763,
    0.5759573507929678,
    0.8601829581179304,
    0.7399748560924911,
    0.2942415255220687,
    0.13778506231161608,
    0.03829081967723914
  ],
  "coef": [
    -0.08381061308083679,
    0.11085151976288718,
    -0.08961438953982702,
    0.22097687179941486,
    -0.13471510806750095,
    0.09712867366124973,
    -0.9741441319091714,
    -9.623896875152871,
    0.1915157882933376,
    -0.08661103206215179,
    -0.014952310108598599,
    0.20452257498407,
    -0.22713572818904065,
    0.48253172815197726,
    0.5132774971788663,
    1.3226815196626236,
    3.6726187899894986,
    -0.010531630731426248
  ],
  "intercept": 0.023479653610482654
}