{
  "features": [
    "dam_daily_avg",
    "dam_peak_ratio",
    "dam_max_over_avg",
    "prior_rt_pct",
    "prior_rt_volatility",
    "prior_rt_trend",
    "rt_vs_dam_pct",
    "implied_vs_dam_pct",
    "pct_day_elapsed",
    "day_of_week",
    "month",
    "is_weekend"
  ],
  "scaler_mean": [
    55.798641654769085,
    1.3569241006395114,
    1.5126720296672054,
    1.1595213979466663,
    31.740530873633357,
    -6.501712159767618,
    -0.10046240555814402,
    -0.004588206981245839,
    0.4998217139521345,
    3.0000453126453284,
    6.523981121321031,
    0.2862709839283202
  ],
  "scaler_scale": [
    37.49668767340914,
    0.20444293669482358,
    0.21250633073920183,
    0.5783134908081029,
    70.5236232542648,
    41.54163401863094,
    0.33687202246167464,
    6.289130888799314,
    0.2876588970205623,
    2.0014464999515846,
    3.4490351085042006,
    0.4520175966586165
  ],
  "coef": [
    -0.039722131633687846,
    0.8887902464689573,
    -0.08245223362675065,
    0.3001203569557777,
    -0.32043877792066866,
    0.10801426355707304,
    1.766907073476007,
    -24.23287215439763,
    -0.05974355510264988,
    -0.11637115570048183,
    -0.05100141088818939,
    0.39008328790637237
  ],
  "intercept": 0.24362209984999755
}