{
  "features": [
    "dam_price",
    "dam_daily_avg",
    "dam_onpeak_avg",
    "dam_offpeak_avg",
    "dam_peak_ratio",
    "dam_max_price",
    "prior_rt_post1pm_avg",
    "prior_rt_volatility",
    "prior_rt_trend",
    "rt_avg_so_far",
    "implied_remaining_avg",
    "intervals_elapsed",
    "intervals_remaining",
    "pct_day_elapsed",
    "day_of_week",
    "month",
    "is_weekend",
    "rt_vs_dam"
  ],
  "scaler_mean": [
    42.43591094006228,
    42.24506892811968,
    46.15611793588341,
    34.42334857293852,
    1.3599658157393004,
    61.456339822116846,
    47.87680768931846,
    23.510402858285108,
    -6.173913049537346,
    38.5272518222201,
    41.11403655881404,
    143.9576997749257,
    144.0423002250743,
    0.499853124218492,
    3.003273981677157,
    6.5275043096289425,
    0.2861669978828888,
    -3.7178171058995853
  ],
  "scaler_scale": [
    32.8242935963031,
    30.474218851762696,
    33.09593205077047,
    25.75597559352,
    0.17962610381275207,
    45.190654848837056,
    44.93675405666789,
    42.65837127924083,
    37.39223494816119,
    38.300921420898604,
    495.6280084409952,
    82.84976181370871,
    82.84976181370871,
    0.28767278407537744,
    1.9995701292239696,
    3.4472276465028515,
    0.45196841394679727,
    23.59916615189095
  ],
  "coef": [
    0.02260885340689942,
    2.440703861592832,
    4.988234616757581,
    -4.694852203993762,
    -0.07847218648357258,
    -0.25081270531447236,
    0.027755756077044395,
    0.10311082746904425,
    0.07141265177619513,
    2.169118083334691,
    -65.6173975856663,
    0.01725967637455346,
    -0.01725967637455346,
    0.017259676374579303,
    -0.04673703611770554,
    -0.030968316551445246,
    0.3165099326254874,
    0.368685807622999
  ],
  "intercept": 0.4387606933043325
}